[

    { 
        "name": "Audit",
        "iconclass": "zmdi zmdi-comment-text",
        "anchorlinks": "#/form/progress",
		"pageid":"33"
    },
    {
        "name": "Payment",
        "iconclass": "zmdi zmdi-balance-wallet",
        "anchorlinks": "#/form/invoicerequest",
		"pageid":"34"
    },
    {
        "name": "Progress",
        "iconclass": "zmdi zmdi-filter-list",
        "anchorlinks": "#/form/taskprogressfilter",
		"pageid":"35"
    },
    {
        "name": "Progress by Project",
        "iconclass": "zmdi zmdi-chart",
        "anchorlinks": "#/form/taskprogress",
		"pageid":"36"
    },
    {
        "name": "Reassign & Reopen",
        "iconclass": "zmdi zmdi-swap",
        "anchorlinks": "#/form/reassign",
		"pageid":"37"
    },
    {
        "name": "Invoice Request",
        "iconclass": "zmdi zmdi-smartphone-lock",
        "anchorlinks": "#/form/invoiceotp",
		"pageid":"48"
    }
]
