[   
	{  
      "id":"Home",
      "name":"Home",
      "iconclass":"zmdi zmdi-home",
	  "anchorlinks":"#/page/home",
	  "headerid":"1",
	  "pageid":"0"   
    },

	{  
      "id":"LUMaster",
      "name":"Look up ",
      "iconclass":"zmdi zmdi-plus-circle-o-duplicate",
	  "anchorlinks":"#/form/state" ,
	  "headerid":"2" ,
	  "pageid":"1"   
    },
	{  
      "id":"Master",
      "name":"Master",
      "iconclass":"zmdi zmdi-apps color-info",
	  "anchorlinks":"#/form/register",
	  "headerid":"3",
	  "pageid":"18"     
    },
	{  
      "id":"Task",
      "name":"Project Setup",
      "iconclass":"zmdi zmdi-group",
	  "anchorlinks":"#/form/project",
	  "headerid":"4",
	  "pageid":"23"       
    },
	
	{  
      "id":"NewTask",
      "name":"Agency Task",
      "iconclass":"zmdi zmdi-group",
	  "anchorlinks":"#/form/newtask" ,
	  "headerid":"5",
	  "pageid":"28"    
    },
	{  
      "id":"Audit",
      "name":"Audit",
      "iconclass":"zmdi zmdi-comment-text",
	  "anchorlinks":"#/form/progress" ,
	  "headerid":"6",
	  "pageid":"33"      
    },
	{  
      "id":"Settings",
      "name":"Settings",
      "iconclass":"zmdi zmdi-settings",
	  "anchorlinks":"#/form/setting" ,
	  "headerid":"7",
	   "pageid":"38"     
    },
	{  
      "id":"Reports",
      "name":"Reports",
      "iconclass":"zmdi zmdi-file",
	  "anchorlinks":"#/form/projectreport" ,
	  "headerid":"8",
	  "pageid":"40"        
    }
]