[
    {
        "name": "Register",
        "iconclass": "zmdi zmdi-collection-plus",
        "anchorlinks": "#/form/register",
		"pageid":"18"
    },
    {
        "name": "Verify Agency & ISP",
        "iconclass": "zmdi zmdi-account-add",
        "anchorlinks": "#/form/user",
		"pageid":"19"
    },
    
    {
        "name": "User",
        "iconclass": "zmdi zmdi-accounts-list",
        "anchorlinks": "#/form/ppmsuser",
		"pageid":"20"
    },
    {
        "name": "Agency & ISP",
        "iconclass": "zmdi zmdi-accounts-add",
        "anchorlinks": "#/form/agencyagent",
		"pageid":"21"
    },
    
    {
        "name": "Client",
        "iconclass": "zmdi zmdi-plus-circle-o",
        "anchorlinks": "#/form/client",
		"pageid":"22"
    }
]
