[
{
	"name":"Project Report",
	"iconclass":"zmdi zmdi-assignment",
	"anchorlinks" : "#/form/projectreport",
	"pageid":"40"
	},
	{
	"name":"Task Report",
	"iconclass":"zmdi zmdi-assignment-o",
	"anchorlinks" : "#/form/taskreport",
	"pageid":"41"
	},
	{
	"name":"Task Process Report",
	"iconclass":"zmdi zmdi-chart",
	"anchorlinks" : "#/form/taskprocessreport",
	"pageid":"42"
	},
	{
	"name":"Collected Item Report",
	"iconclass":"zmdi zmdi-collection-text",
	"anchorlinks" : "#/form/collecteditemreport",
	"pageid":"43"
	},
	{
	"name":"Audit Report",
	"iconclass":"zmdi zmdi-assignment-check",
	"anchorlinks" : "#/form/auditreport",
	"pageid":"44"
	},
	{
	"name":"Invoice Report",
	"iconclass":"zmdi zmdi-labels",
	"anchorlinks" : "#/form/invoicereport",
	"pageid":"45"
	},
	{
	"name":"Ageny & ISP Report",
	"iconclass":"zmdi zmdi-accounts-add",
	"anchorlinks" : "#/form/agencyispreport",
	"pageid":"47"
	}
]