[

    {
        "name": "Project",
        "iconclass": "zmdi zmdi-exposure",
        "anchorlinks": "#/form/project",
		"pageid":"23"
    },
    {
        "name": "Task",
        "iconclass": "zmdi zmdi-comment-text",
        "anchorlinks": "#/form/task",
		"pageid":"24"
    }
	,
    {
        "name": "Task Steps",
        "iconclass": "zmdi zmdi-assignment",
        "anchorlinks": "#/form/tasksteps",
		"pageid":"25"
    },
    {
        "name": "Target",
        "iconclass": "zmdi zmdi-pin-drop",
        "anchorlinks": "#/form/target",
		"pageid":"26"
    },
	{
        "name": "Task & Target Mapping",
        "iconclass": "zmdi zmdi-swap",
        "anchorlinks": "#/form/targetmapping",
		"pageid":"27"
    }
]
