PjpID,PjpTargetID,PjpUserName,PjpDate,
1789,10039,SANGEETHA,28.01.2024,
1790,10040,SANGEETHA,04.01.2024,
1791,10040,SANGEETHA,06.01.2024,
1792,10040,SANGEETHA,08.01.2024,
1793,10040,SANGEETHA,11.01.2024,
1794,10040,SANGEETHA,13.01.2024,
1795,10040,SANGEETHA,15.01.2024,
1796,10040,SANGEETHA,18.01.2024,
1797,10040,SANGEETHA,20.01.2024,
1798,10040,SANGEETHA,22.01.2024,
1799,10040,SANGEETHA,25.01.2024,
1800,10040,SANGEETHA,27.01.2024,
1801,10040,SANGEETHA,29.01.2024,
1802,10040,SANGEETHA,31.01.2024,
1803,10041,SANGEETHA,03.01.2024,
1804,10041,SANGEETHA,05.01.2024,
1805,10041,SANGEETHA,07.01.2024,
1806,10041,SANGEETHA,10.01.2024,
1807,10041,SANGEETHA,12.01.2024,
1808,10041,SANGEETHA,14.01.2024,
1809,10041,SANGEETHA,17.01.2024,
1810,10041,SANGEETHA,19.01.2024,
1811,10041,SANGEETHA,21.01.2024,
1812,10041,SANGEETHA,24.01.2024,
1813,10041,SANGEETHA,26.01.2024,
1814,10041,SANGEETHA,28.01.2024,
1815,10061,SANGEETHA,03.01.2024,
1816,10061,SANGEETHA,05.01.2024,
1817,10061,SANGEETHA,07.01.2024,
1818,10061,SANGEETHA,10.01.2024,
1819,10061,SANGEETHA,12.01.2024,
1820,10061,SANGEETHA,14.01.2024,
1821,10061,SANGEETHA,17.01.2024,
1822,10061,SANGEETHA,19.01.2024,
1823,10061,SANGEETHA,21.01.2024,
1824,10061,SANGEETHA,24.01.2024,
1825,10061,SANGEETHA,26.01.2024,
1826,10061,SANGEETHA,28.01.2024,
1827,10062,SANGEETHA,03.01.2024,
1828,10062,SANGEETHA,05.01.2024,
1829,10062,SANGEETHA,07.01.2024,
1830,10062,SANGEETHA,10.01.2024,
1831,10062,SANGEETHA,12.01.2024,
1832,10062,SANGEETHA,14.01.2024,
1833,10062,SANGEETHA,17.01.2024,
1834,10062,SANGEETHA,19.01.2024,
1835,10062,SANGEETHA,21.01.2024,
1836,10062,SANGEETHA,24.01.2024,
1837,10062,SANGEETHA,26.01.2024,
1838,10062,SANGEETHA,28.01.2024,
1839,10068,SANGEETHA,04.01.2024,
1840,10068,SANGEETHA,06.01.2024,
1841,10068,SANGEETHA,08.01.2024,
1842,10068,SANGEETHA,11.01.2024,
1843,10068,SANGEETHA,13.01.2024,
1844,10068,SANGEETHA,15.01.2024,
1845,10068,SANGEETHA,18.01.2024,
1846,10068,SANGEETHA,20.01.2024,
1847,10068,SANGEETHA,22.01.2024,
1848,10068,SANGEETHA,25.01.2024,
1849,10068,SANGEETHA,27.01.2024,
1850,10068,SANGEETHA,29.01.2024,
1851,10068,SANGEETHA,31.01.2024,
1852,10069,SANGEETHA,04.01.2024,
1853,10069,SANGEETHA,06.01.2024,
1854,10069,SANGEETHA,08.01.2024,
1855,10069,SANGEETHA,11.01.2024,
1856,10069,SANGEETHA,13.01.2024,
1857,10069,SANGEETHA,15.01.2024,
1858,10069,SANGEETHA,18.01.2024,
1859,10069,SANGEETHA,20.01.2024,
1860,10069,SANGEETHA,22.01.2024,
1861,10069,SANGEETHA,25.01.2024,
1862,10069,SANGEETHA,27.01.2024,
1863,10069,SANGEETHA,29.01.2024,
1864,10069,SANGEETHA,31.01.2024,
1865,10070,SHRADHA,04.01.2024,
1866,10070,SHRADHA,07.01.2024,
1867,10070,SHRADHA,11.01.2024,
1868,10070,SHRADHA,14.01.2024,
1869,10070,SHRADHA,18.01.2024,
1870,10070,SHRADHA,21.01.2024,
1871,10070,SHRADHA,25.01.2024,
1872,10070,SHRADHA,28.01.2024,
1873,10071,SHRADHA,03.01.2024,
1874,10071,SHRADHA,08.01.2024,
1875,10071,SHRADHA,10.01.2024,
1876,10071,SHRADHA,15.01.2024,
1877,10071,SHRADHA,17.01.2024,
1878,10071,SHRADHA,22.01.2024,
1879,10071,SHRADHA,24.01.2024,
1880,10071,SHRADHA,29.01.2024,
1881,10071,SHRADHA,31.01.2024,
1882,10072,SHRADHA,05.01.2024,
1883,10072,SHRADHA,12.01.2024,
1884,10072,SHRADHA,19.01.2024,
1885,10072,SHRADHA,26.01.2024,
1886,10074,SHRADHA,05.01.2024,
1887,10074,SHRADHA,06.01.2024,
1888,10074,SHRADHA,12.01.2024,
1889,10074,SHRADHA,13.01.2024,
1890,10074,SHRADHA,19.01.2024,
1891,10074,SHRADHA,20.01.2024,
1892,10074,SHRADHA,26.01.2024,
1893,10074,SHRADHA,27.01.2024,
1894,10075,SHRADHA,03.01.2024,
1895,10075,SHRADHA,08.01.2024,
1896,10075,SHRADHA,10.01.2024,
1897,10075,SHRADHA,15.01.2024,
1898,10075,SHRADHA,17.01.2024,
1899,10075,SHRADHA,22.01.2024,
1900,10075,SHRADHA,24.01.2024,
1901,10075,SHRADHA,29.01.2024,
1902,10075,SHRADHA,31.01.2024,
1903,10076,SHRADHA,04.01.2024,
1904,10076,SHRADHA,07.01.2024,
1905,10076,SHRADHA,11.01.2024,
1906,10076,SHRADHA,14.01.2024,
1907,10076,SHRADHA,18.01.2024,
1908,10076,SHRADHA,21.01.2024,
1909,10076,SHRADHA,25.01.2024,
1910,10076,SHRADHA,28.01.2024,
1911,10078,SHRADHA,05.01.2024,
1912,10078,SHRADHA,12.01.2024,
1913,10078,SHRADHA,19.01.2024,
1914,10078,SHRADHA,26.01.2024,
1915,10079,SHRADHA,06.01.2024,
1916,10079,SHRADHA,13.01.2024,
1917,10079,SHRADHA,20.01.2024,
1918,10079,SHRADHA,27.01.2024,
1919,10081,SHRADHA,03.01.2024,
1920,10081,SHRADHA,08.01.2024,
1921,10081,SHRADHA,10.01.2024,
1922,10081,SHRADHA,15.01.2024,
1923,10081,SHRADHA,17.01.2024,
1924,10081,SHRADHA,22.01.2024,
1925,10081,SHRADHA,24.01.2024,
1926,10081,SHRADHA,29.01.2024,
1927,10081,SHRADHA,31.01.2024,
1928,10082,SHRADHA,04.01.2024,
1929,10082,SHRADHA,07.01.2024,
1930,10082,SHRADHA,11.01.2024,
1931,10082,SHRADHA,14.01.2024,
1932,10082,SHRADHA,18.01.2024,
1933,10082,SHRADHA,21.01.2024,
1934,10082,SHRADHA,25.01.2024,
1935,10082,SHRADHA,28.01.2024,
1,10022,TANUJA,03.01.2024,
2,10022,TANUJA,05.01.2024,
3,10022,TANUJA,06.01.2024,
4,10022,TANUJA,07.01.2024,
5,10022,TANUJA,08.01.2024,
6,10022,TANUJA,09.01.2024,
7,10022,TANUJA,10.01.2024,
8,10022,TANUJA,12.01.2024,
9,10022,TANUJA,13.01.2024,
10,10022,TANUJA,14.01.2024,
11,10022,TANUJA,15.01.2024,
12,10022,TANUJA,16.01.2024,
13,10022,TANUJA,17.01.2024,
14,10022,TANUJA,19.01.2024,
15,10022,TANUJA,20.01.2024,
16,10022,TANUJA,21.01.2024,
17,10022,TANUJA,22.01.2024,
18,10022,TANUJA,23.01.2024,
19,10022,TANUJA,24.01.2024,
20,10022,TANUJA,26.01.2024,
21,10022,TANUJA,27.01.2024,
22,10022,TANUJA,28.01.2024,
23,10022,TANUJA,29.01.2024,
24,10022,TANUJA,30.01.2024,
25,10022,TANUJA,31.01.2024,
26,10019,PUSHPA,03.01.2024,
27,10019,PUSHPA,04.01.2024,
28,10019,PUSHPA,05.01.2024,
29,10019,PUSHPA,06.01.2024,
30,10019,PUSHPA,07.01.2024,
31,10019,PUSHPA,08.01.2024,
32,10019,PUSHPA,10.01.2024,
33,10019,PUSHPA,11.01.2024,
34,10019,PUSHPA,12.01.2024,
35,10019,PUSHPA,13.01.2024,
36,10019,PUSHPA,14.01.2024,
37,10019,PUSHPA,15.01.2024,
38,10019,PUSHPA,17.01.2024,
39,10019,PUSHPA,18.01.2024,
40,10019,PUSHPA,19.01.2024,
41,10019,PUSHPA,20.01.2024,
42,10019,PUSHPA,21.01.2024,
43,10019,PUSHPA,22.01.2024,
44,10019,PUSHPA,24.01.2024,
45,10019,PUSHPA,25.01.2024,
46,10019,PUSHPA,26.01.2024,
47,10019,PUSHPA,27.01.2024,
48,10019,PUSHPA,28.01.2024,
49,10019,PUSHPA,29.01.2024,
50,10019,PUSHPA,31.01.2024,
51,10009,NISHA,03.01.2024,
52,10009,NISHA,04.01.2024,
53,10009,NISHA,05.01.2024,
54,10009,NISHA,06.01.2024,
55,10009,NISHA,07.01.2024,
56,10009,NISHA,08.01.2024,
57,10009,NISHA,10.01.2024,
58,10009,NISHA,11.01.2024,
59,10009,NISHA,12.01.2024,
60,10009,NISHA,13.01.2024,
61,10009,NISHA,14.01.2024,
62,10009,NISHA,15.01.2024,
63,10009,NISHA,17.01.2024,
64,10009,NISHA,18.01.2024,
65,10009,NISHA,19.01.2024,
66,10009,NISHA,20.01.2024,
67,10009,NISHA,21.01.2024,
68,10009,NISHA,22.01.2024,
69,10009,NISHA,24.01.2024,
70,10009,NISHA,25.01.2024,
71,10009,NISHA,26.01.2024,
72,10009,NISHA,27.01.2024,
73,10009,NISHA,28.01.2024,
74,10009,NISHA,29.01.2024,
75,10009,NISHA,31.01.2024,
76,10007,ANJU,03.01.2024,
77,10007,ANJU,04.01.2024,
78,10007,ANJU,05.01.2024,
79,10007,ANJU,06.01.2024,
80,10007,ANJU,07.01.2024,
81,10007,ANJU,08.01.2024,
82,10007,ANJU,10.01.2024,
83,10007,ANJU,11.01.2024,
84,10007,ANJU,12.01.2024,
85,10007,ANJU,13.01.2024,
86,10007,ANJU,14.01.2024,
87,10007,ANJU,15.01.2024,
88,10007,ANJU,17.01.2024,
89,10007,ANJU,18.01.2024,
90,10007,ANJU,19.01.2024,
91,10007,ANJU,20.01.2024,
92,10007,ANJU,21.01.2024,
93,10007,ANJU,22.01.2024,
94,10007,ANJU,24.01.2024,
95,10007,ANJU,25.01.2024,
96,10007,ANJU,26.01.2024,
97,10007,ANJU,27.01.2024,
98,10007,ANJU,28.01.2024,
99,10007,ANJU,29.01.2024,
100,10007,ANJU,31.01.2024,
101,10008,ROSHNI N,03.01.2024,
102,10008,ROSHNI N,04.01.2024,
103,10008,ROSHNI N,05.01.2024,
104,10008,ROSHNI N,06.01.2024,
105,10008,ROSHNI N,07.01.2024,
106,10008,ROSHNI N,08.01.2024,
107,10008,ROSHNI N,10.01.2024,
108,10008,ROSHNI N,11.01.2024,
109,10008,ROSHNI N,12.01.2024,
110,10008,ROSHNI N,13.01.2024,
111,10008,ROSHNI N,14.01.2024,
112,10008,ROSHNI N,15.01.2024,
113,10008,ROSHNI N,17.01.2024,
114,10008,ROSHNI N,18.01.2024,
115,10008,ROSHNI N,19.01.2024,
116,10008,ROSHNI N,20.01.2024,
117,10008,ROSHNI N,21.01.2024,
118,10008,ROSHNI N,22.01.2024,
119,10008,ROSHNI N,24.01.2024,
120,10008,ROSHNI N,25.01.2024,
121,10008,ROSHNI N,26.01.2024,
122,10008,ROSHNI N,27.01.2024,
123,10008,ROSHNI N,28.01.2024,
124,10008,ROSHNI N,29.01.2024,
125,10008,ROSHNI N,31.01.2024,
126,10025,POOJA Y,03.01.2024,
127,10025,POOJA Y,04.01.2024,
128,10025,POOJA Y,05.01.2024,
129,10025,POOJA Y,06.01.2024,
130,10025,POOJA Y,07.01.2024,
131,10025,POOJA Y,08.01.2024,
132,10025,POOJA Y,10.01.2024,
133,10025,POOJA Y,11.01.2024,
134,10025,POOJA Y,12.01.2024,
135,10025,POOJA Y,13.01.2024,
136,10025,POOJA Y,14.01.2024,
137,10025,POOJA Y,15.01.2024,
138,10025,POOJA Y,17.01.2024,
139,10025,POOJA Y,18.01.2024,
140,10025,POOJA Y,19.01.2024,
141,10025,POOJA Y,20.01.2024,
142,10025,POOJA Y,21.01.2024,
143,10025,POOJA Y,22.01.2024,
144,10025,POOJA Y,24.01.2024,
145,10025,POOJA Y,25.01.2024,
146,10025,POOJA Y,26.01.2024,
147,10025,POOJA Y,27.01.2024,
148,10025,POOJA Y,28.01.2024,
149,10025,POOJA Y,29.01.2024,
150,10025,POOJA Y,31.01.2024,
151,10014,MANISHA,03.01.2024,
152,10014,MANISHA,04.01.2024,
153,10014,MANISHA,05.01.2024,
154,10014,MANISHA,06.01.2024,
155,10014,MANISHA,07.01.2024,
156,10014,MANISHA,08.01.2024,
157,10014,MANISHA,10.01.2024,
158,10014,MANISHA,11.01.2024,
159,10014,MANISHA,12.01.2024,
160,10014,MANISHA,13.01.2024,
161,10014,MANISHA,14.01.2024,
162,10014,MANISHA,15.01.2024,
163,10014,MANISHA,17.01.2024,
164,10014,MANISHA,18.01.2024,
165,10014,MANISHA,19.01.2024,
166,10014,MANISHA,20.01.2024,
167,10014,MANISHA,21.01.2024,
168,10014,MANISHA,22.01.2024,
169,10014,MANISHA,24.01.2024,
170,10014,MANISHA,25.01.2024,
171,10014,MANISHA,26.01.2024,
172,10014,MANISHA,27.01.2024,
173,10014,MANISHA,28.01.2024,
174,10014,MANISHA,29.01.2024,
175,10014,MANISHA,31.01.2024,
176,10018,LAXMI,04.01.2024,
177,10018,LAXMI,05.01.2024,
178,10018,LAXMI,06.01.2024,
179,10018,LAXMI,07.01.2024,
180,10018,LAXMI,08.01.2024,
181,10018,LAXMI,09.01.2024,
182,10018,LAXMI,11.01.2024,
183,10018,LAXMI,12.01.2024,
184,10018,LAXMI,13.01.2024,
185,10018,LAXMI,14.01.2024,
186,10018,LAXMI,15.01.2024,
187,10018,LAXMI,16.01.2024,
188,10018,LAXMI,18.01.2024,
189,10018,LAXMI,19.01.2024,
190,10018,LAXMI,20.01.2024,
191,10018,LAXMI,21.01.2024,
192,10018,LAXMI,22.01.2024,
193,10018,LAXMI,23.01.2024,
194,10018,LAXMI,25.01.2024,
195,10018,LAXMI,26.01.2024,
196,10018,LAXMI,27.01.2024,
197,10018,LAXMI,28.01.2024,
198,10018,LAXMI,29.01.2024,
199,10018,LAXMI,30.01.2024,
200,10010,ROSHNI,03.01.2024,
201,10010,ROSHNI,04.01.2024,
202,10010,ROSHNI,05.01.2024,
203,10010,ROSHNI,06.01.2024,
204,10010,ROSHNI,07.01.2024,
205,10010,ROSHNI,08.01.2024,
206,10010,ROSHNI,10.01.2024,
207,10010,ROSHNI,11.01.2024,
208,10010,ROSHNI,12.01.2024,
209,10010,ROSHNI,13.01.2024,
210,10010,ROSHNI,14.01.2024,
211,10010,ROSHNI,15.01.2024,
212,10010,ROSHNI,17.01.2024,
213,10010,ROSHNI,18.01.2024,
214,10010,ROSHNI,19.01.2024,
215,10010,ROSHNI,20.01.2024,
216,10010,ROSHNI,21.01.2024,
217,10010,ROSHNI,22.01.2024,
218,10010,ROSHNI,24.01.2024,
219,10010,ROSHNI,25.01.2024,
220,10010,ROSHNI,26.01.2024,
221,10010,ROSHNI,27.01.2024,
222,10010,ROSHNI,28.01.2024,
223,10010,ROSHNI,29.01.2024,
224,10010,ROSHNI,31.01.2024,
225,10020,ROSHNI J,04.01.2024,
226,10020,ROSHNI J,05.01.2024,
227,10020,ROSHNI J,06.01.2024,
228,10020,ROSHNI J,07.01.2024,
229,10020,ROSHNI J,08.01.2024,
230,10020,ROSHNI J,09.01.2024,
231,10020,ROSHNI J,11.01.2024,
232,10020,ROSHNI J,12.01.2024,
233,10020,ROSHNI J,13.01.2024,
234,10020,ROSHNI J,14.01.2024,
235,10020,ROSHNI J,15.01.2024,
236,10020,ROSHNI J,16.01.2024,
237,10020,ROSHNI J,18.01.2024,
238,10020,ROSHNI J,19.01.2024,
239,10020,ROSHNI J,20.01.2024,
240,10020,ROSHNI J,21.01.2024,
241,10020,ROSHNI J,22.01.2024,
242,10020,ROSHNI J,23.01.2024,
243,10020,ROSHNI J,25.01.2024,
244,10020,ROSHNI J,26.01.2024,
245,10020,ROSHNI J,27.01.2024,
246,10020,ROSHNI J,28.01.2024,
247,10020,ROSHNI J,29.01.2024,
248,10020,ROSHNI J,30.01.2024,
249,10006,MONIKA N,03.01.2024,
250,10006,MONIKA N,05.01.2024,
251,10006,MONIKA N,06.01.2024,
252,10006,MONIKA N,07.01.2024,
253,10006,MONIKA N,08.01.2024,
254,10006,MONIKA N,09.01.2024,
255,10006,MONIKA N,10.01.2024,
256,10006,MONIKA N,12.01.2024,
257,10006,MONIKA N,13.01.2024,
258,10006,MONIKA N,14.01.2024,
259,10006,MONIKA N,15.01.2024,
260,10006,MONIKA N,16.01.2024,
261,10006,MONIKA N,17.01.2024,
262,10006,MONIKA N,19.01.2024,
263,10006,MONIKA N,20.01.2024,
264,10006,MONIKA N,21.01.2024,
265,10006,MONIKA N,22.01.2024,
266,10006,MONIKA N,23.01.2024,
267,10006,MONIKA N,24.01.2024,
268,10006,MONIKA N,26.01.2024,
269,10006,MONIKA N,27.01.2024,
270,10006,MONIKA N,28.01.2024,
271,10006,MONIKA N,29.01.2024,
272,10006,MONIKA N,30.01.2024,
273,10006,MONIKA N,31.01.2024,
274,10024,SHEEBA,03.01.2024,
275,10024,SHEEBA,04.01.2024,
276,10024,SHEEBA,05.01.2024,
277,10024,SHEEBA,06.01.2024,
278,10024,SHEEBA,07.01.2024,
279,10024,SHEEBA,08.01.2024,
280,10024,SHEEBA,10.01.2024,
281,10024,SHEEBA,11.01.2024,
282,10024,SHEEBA,12.01.2024,
283,10024,SHEEBA,13.01.2024,
284,10024,SHEEBA,14.01.2024,
285,10024,SHEEBA,15.01.2024,
286,10024,SHEEBA,17.01.2024,
287,10024,SHEEBA,18.01.2024,
288,10024,SHEEBA,19.01.2024,
289,10024,SHEEBA,20.01.2024,
290,10024,SHEEBA,21.01.2024,
291,10024,SHEEBA,22.01.2024,
292,10024,SHEEBA,24.01.2024,
293,10024,SHEEBA,25.01.2024,
294,10024,SHEEBA,26.01.2024,
295,10024,SHEEBA,27.01.2024,
296,10024,SHEEBA,28.01.2024,
297,10024,SHEEBA,29.01.2024,
298,10024,SHEEBA,31.01.2024,
299,10021,BABITA,04.01.2024,
300,10021,BABITA,05.01.2024,
301,10021,BABITA,06.01.2024,
302,10021,BABITA,07.01.2024,
303,10021,BABITA,08.01.2024,
304,10021,BABITA,09.01.2024,
305,10021,BABITA,11.01.2024,
306,10021,BABITA,12.01.2024,
307,10021,BABITA,13.01.2024,
308,10021,BABITA,14.01.2024,
309,10021,BABITA,15.01.2024,
310,10021,BABITA,16.01.2024,
311,10021,BABITA,18.01.2024,
312,10021,BABITA,19.01.2024,
313,10021,BABITA,20.01.2024,
314,10021,BABITA,21.01.2024,
315,10021,BABITA,22.01.2024,
316,10021,BABITA,23.01.2024,
317,10021,BABITA,25.01.2024,
318,10021,BABITA,26.01.2024,
319,10021,BABITA,27.01.2024,
320,10021,BABITA,28.01.2024,
321,10021,BABITA,29.01.2024,
322,10021,BABITA,30.01.2024,
323,10004,RANI,03.01.2024,
324,10004,RANI,05.01.2024,
325,10004,RANI,06.01.2024,
326,10004,RANI,07.01.2024,
327,10004,RANI,08.01.2024,
328,10004,RANI,09.01.2024,
329,10004,RANI,10.01.2024,
330,10004,RANI,12.01.2024,
331,10004,RANI,13.01.2024,
332,10004,RANI,14.01.2024,
333,10004,RANI,15.01.2024,
334,10004,RANI,16.01.2024,
335,10004,RANI,17.01.2024,
336,10004,RANI,19.01.2024,
337,10004,RANI,20.01.2024,
338,10004,RANI,21.01.2024,
339,10004,RANI,22.01.2024,
340,10004,RANI,23.01.2024,
341,10004,RANI,24.01.2024,
342,10004,RANI,26.01.2024,
343,10004,RANI,27.01.2024,
344,10004,RANI,28.01.2024,
345,10004,RANI,29.01.2024,
346,10004,RANI,30.01.2024,
347,10004,RANI,31.01.2024,
348,10015,KOMAL N,04.01.2024,
349,10015,KOMAL N,05.01.2024,
350,10015,KOMAL N,06.01.2024,
351,10015,KOMAL N,07.01.2024,
352,10015,KOMAL N,08.01.2024,
353,10015,KOMAL N,09.01.2024,
354,10015,KOMAL N,11.01.2024,
355,10015,KOMAL N,12.01.2024,
356,10015,KOMAL N,13.01.2024,
357,10015,KOMAL N,14.01.2024,
358,10015,KOMAL N,15.01.2024,
359,10015,KOMAL N,16.01.2024,
360,10015,KOMAL N,18.01.2024,
361,10015,KOMAL N,19.01.2024,
362,10015,KOMAL N,20.01.2024,
363,10015,KOMAL N,21.01.2024,
364,10015,KOMAL N,22.01.2024,
365,10015,KOMAL N,23.01.2024,
366,10015,KOMAL N,25.01.2024,
367,10015,KOMAL N,26.01.2024,
368,10015,KOMAL N,27.01.2024,
369,10015,KOMAL N,28.01.2024,
370,10015,KOMAL N,29.01.2024,
371,10015,KOMAL N,30.01.2024,
372,10005,CHHAVI,03.01.2024,
373,10005,CHHAVI,04.01.2024,
374,10005,CHHAVI,05.01.2024,
375,10005,CHHAVI,06.01.2024,
376,10005,CHHAVI,07.01.2024,
377,10005,CHHAVI,08.01.2024,
378,10005,CHHAVI,10.01.2024,
379,10005,CHHAVI,11.01.2024,
380,10005,CHHAVI,12.01.2024,
381,10005,CHHAVI,13.01.2024,
382,10005,CHHAVI,14.01.2024,
383,10005,CHHAVI,15.01.2024,
384,10005,CHHAVI,17.01.2024,
385,10005,CHHAVI,18.01.2024,
386,10005,CHHAVI,19.01.2024,
387,10005,CHHAVI,20.01.2024,
388,10005,CHHAVI,21.01.2024,
389,10005,CHHAVI,22.01.2024,
390,10005,CHHAVI,24.01.2024,
391,10005,CHHAVI,25.01.2024,
392,10005,CHHAVI,26.01.2024,
393,10005,CHHAVI,27.01.2024,
394,10005,CHHAVI,28.01.2024,
395,10005,CHHAVI,29.01.2024,
396,10005,CHHAVI,31.01.2024,
397,10013,TAJINDER,04.01.2024,
398,10013,TAJINDER,05.01.2024,
399,10013,TAJINDER,06.01.2024,
400,10013,TAJINDER,07.01.2024,
401,10013,TAJINDER,08.01.2024,
402,10013,TAJINDER,09.01.2024,
403,10013,TAJINDER,11.01.2024,
404,10013,TAJINDER,12.01.2024,
405,10013,TAJINDER,13.01.2024,
406,10013,TAJINDER,14.01.2024,
407,10013,TAJINDER,15.01.2024,
408,10013,TAJINDER,16.01.2024,
409,10013,TAJINDER,18.01.2024,
410,10013,TAJINDER,19.01.2024,
411,10013,TAJINDER,20.01.2024,
412,10013,TAJINDER,21.01.2024,
413,10013,TAJINDER,22.01.2024,
414,10013,TAJINDER,23.01.2024,
415,10013,TAJINDER,25.01.2024,
416,10013,TAJINDER,26.01.2024,
417,10013,TAJINDER,27.01.2024,
418,10013,TAJINDER,28.01.2024,
419,10013,TAJINDER,29.01.2024,
420,10013,TAJINDER,30.01.2024,
421,10012,SARITA,03.01.2024,
422,10012,SARITA,05.01.2024,
423,10012,SARITA,06.01.2024,
424,10012,SARITA,07.01.2024,
425,10012,SARITA,08.01.2024,
426,10012,SARITA,09.01.2024,
427,10012,SARITA,10.01.2024,
428,10012,SARITA,12.01.2024,
429,10012,SARITA,13.01.2024,
430,10012,SARITA,14.01.2024,
431,10012,SARITA,15.01.2024,
432,10012,SARITA,16.01.2024,
433,10012,SARITA,17.01.2024,
434,10012,SARITA,19.01.2024,
435,10012,SARITA,20.01.2024,
436,10012,SARITA,21.01.2024,
437,10012,SARITA,22.01.2024,
438,10012,SARITA,23.01.2024,
439,10012,SARITA,24.01.2024,
440,10012,SARITA,26.01.2024,
441,10012,SARITA,27.01.2024,
442,10012,SARITA,28.01.2024,
443,10012,SARITA,29.01.2024,
444,10012,SARITA,30.01.2024,
445,10012,SARITA,31.01.2024,
446,10023,BEAUTY,03.01.2024,
447,10023,BEAUTY,04.01.2024,
448,10023,BEAUTY,05.01.2024,
449,10023,BEAUTY,06.01.2024,
450,10023,BEAUTY,07.01.2024,
451,10023,BEAUTY,08.01.2024,
452,10023,BEAUTY,10.01.2024,
453,10023,BEAUTY,11.01.2024,
454,10023,BEAUTY,12.01.2024,
455,10023,BEAUTY,13.01.2024,
456,10023,BEAUTY,14.01.2024,
457,10023,BEAUTY,15.01.2024,
458,10023,BEAUTY,17.01.2024,
459,10023,BEAUTY,18.01.2024,
460,10023,BEAUTY,19.01.2024,
461,10023,BEAUTY,20.01.2024,
462,10023,BEAUTY,21.01.2024,
463,10023,BEAUTY,22.01.2024,
464,10023,BEAUTY,24.01.2024,
465,10023,BEAUTY,25.01.2024,
466,10023,BEAUTY,26.01.2024,
467,10023,BEAUTY,27.01.2024,
468,10023,BEAUTY,28.01.2024,
469,10023,BEAUTY,29.01.2024,
470,10023,BEAUTY,31.01.2024,
471,10027,PINKI,03.01.2024,
472,10027,PINKI,04.01.2024,
473,10027,PINKI,05.01.2024,
474,10027,PINKI,06.01.2024,
475,10027,PINKI,07.01.2024,
476,10027,PINKI,08.01.2024,
477,10027,PINKI,10.01.2024,
478,10027,PINKI,11.01.2024,
479,10027,PINKI,12.01.2024,
480,10027,PINKI,13.01.2024,
481,10027,PINKI,14.01.2024,
482,10027,PINKI,15.01.2024,
483,10027,PINKI,17.01.2024,
484,10027,PINKI,18.01.2024,
485,10027,PINKI,19.01.2024,
486,10027,PINKI,20.01.2024,
487,10027,PINKI,21.01.2024,
488,10027,PINKI,22.01.2024,
489,10027,PINKI,24.01.2024,
490,10027,PINKI,25.01.2024,
491,10027,PINKI,26.01.2024,
492,10027,PINKI,27.01.2024,
493,10027,PINKI,28.01.2024,
494,10027,PINKI,29.01.2024,
495,10027,PINKI,31.01.2024,
496,10026,POOJA GGN,03.01.2024,
497,10026,POOJA GGN,04.01.2024,
498,10026,POOJA GGN,05.01.2024,
499,10026,POOJA GGN,06.01.2024,
500,10026,POOJA GGN,07.01.2024,
501,10026,POOJA GGN,08.01.2024,
502,10026,POOJA GGN,10.01.2024,
503,10026,POOJA GGN,11.01.2024,
504,10026,POOJA GGN,12.01.2024,
505,10026,POOJA GGN,13.01.2024,
506,10026,POOJA GGN,14.01.2024,
507,10026,POOJA GGN,15.01.2024,
508,10026,POOJA GGN,17.01.2024,
509,10026,POOJA GGN,18.01.2024,
510,10026,POOJA GGN,19.01.2024,
511,10026,POOJA GGN,20.01.2024,
512,10026,POOJA GGN,21.01.2024,
513,10026,POOJA GGN,22.01.2024,
514,10026,POOJA GGN,24.01.2024,
515,10026,POOJA GGN,25.01.2024,
516,10026,POOJA GGN,26.01.2024,
517,10026,POOJA GGN,27.01.2024,
518,10026,POOJA GGN,28.01.2024,
519,10026,POOJA GGN,29.01.2024,
520,10026,POOJA GGN,31.01.2024,
521,10028,NASREEN,03.01.2024,
522,10028,NASREEN,05.01.2024,
523,10028,NASREEN,06.01.2024,
524,10028,NASREEN,07.01.2024,
525,10028,NASREEN,08.01.2024,
526,10028,NASREEN,09.01.2024,
527,10028,NASREEN,10.01.2024,
528,10028,NASREEN,12.01.2024,
529,10028,NASREEN,13.01.2024,
530,10028,NASREEN,14.01.2024,
531,10028,NASREEN,15.01.2024,
532,10028,NASREEN,16.01.2024,
533,10028,NASREEN,17.01.2024,
534,10028,NASREEN,19.01.2024,
535,10028,NASREEN,20.01.2024,
536,10028,NASREEN,21.01.2024,
537,10028,NASREEN,22.01.2024,
538,10028,NASREEN,23.01.2024,
539,10028,NASREEN,24.01.2024,
540,10028,NASREEN,26.01.2024,
541,10028,NASREEN,27.01.2024,
542,10028,NASREEN,28.01.2024,
543,10028,NASREEN,29.01.2024,
544,10028,NASREEN,30.01.2024,
545,10028,NASREEN,31.01.2024,
546,10029,JYOTI N,03.01.2024,
547,10029,JYOTI N,05.01.2024,
548,10029,JYOTI N,06.01.2024,
549,10029,JYOTI N,07.01.2024,
550,10029,JYOTI N,08.01.2024,
551,10029,JYOTI N,09.01.2024,
552,10029,JYOTI N,10.01.2024,
553,10029,JYOTI N,12.01.2024,
554,10029,JYOTI N,13.01.2024,
555,10029,JYOTI N,14.01.2024,
556,10029,JYOTI N,15.01.2024,
557,10029,JYOTI N,16.01.2024,
558,10029,JYOTI N,17.01.2024,
559,10029,JYOTI N,19.01.2024,
560,10029,JYOTI N,20.01.2024,
561,10029,JYOTI N,21.01.2024,
562,10029,JYOTI N,22.01.2024,
563,10029,JYOTI N,23.01.2024,
564,10029,JYOTI N,24.01.2024,
565,10029,JYOTI N,26.01.2024,
566,10029,JYOTI N,27.01.2024,
567,10029,JYOTI N,28.01.2024,
568,10029,JYOTI N,29.01.2024,
569,10029,JYOTI N,30.01.2024,
570,10029,JYOTI N,31.01.2024,
571,10030,LATA,03.01.2024,
572,10030,LATA,05.01.2024,
573,10030,LATA,06.01.2024,
574,10030,LATA,07.01.2024,
575,10030,LATA,08.01.2024,
576,10030,LATA,09.01.2024,
577,10030,LATA,10.01.2024,
578,10030,LATA,12.01.2024,
579,10030,LATA,13.01.2024,
580,10030,LATA,14.01.2024,
581,10030,LATA,15.01.2024,
582,10030,LATA,16.01.2024,
583,10030,LATA,17.01.2024,
584,10030,LATA,19.01.2024,
585,10030,LATA,20.01.2024,
586,10030,LATA,21.01.2024,
587,10030,LATA,22.01.2024,
588,10030,LATA,23.01.2024,
589,10030,LATA,24.01.2024,
590,10030,LATA,26.01.2024,
591,10030,LATA,27.01.2024,
592,10030,LATA,28.01.2024,
593,10030,LATA,29.01.2024,
594,10030,LATA,30.01.2024,
595,10030,LATA,31.01.2024,
596,10031,SHILPA,04.01.2024,
597,10031,SHILPA,05.01.2024,
598,10031,SHILPA,06.01.2024,
599,10031,SHILPA,07.01.2024,
600,10031,SHILPA,08.01.2024,
601,10031,SHILPA,09.01.2024,
602,10031,SHILPA,11.01.2024,
603,10031,SHILPA,12.01.2024,
604,10031,SHILPA,13.01.2024,
605,10031,SHILPA,14.01.2024,
606,10031,SHILPA,15.01.2024,
607,10031,SHILPA,16.01.2024,
608,10031,SHILPA,18.01.2024,
609,10031,SHILPA,19.01.2024,
610,10031,SHILPA,20.01.2024,
611,10031,SHILPA,21.01.2024,
612,10031,SHILPA,22.01.2024,
613,10031,SHILPA,23.01.2024,
614,10031,SHILPA,25.01.2024,
615,10031,SHILPA,26.01.2024,
616,10031,SHILPA,27.01.2024,
617,10031,SHILPA,28.01.2024,
618,10031,SHILPA,29.01.2024,
619,10031,SHILPA,30.01.2024,
620,10039,SHAMEEM,03.01.2024,
621,10039,SHAMEEM,04.01.2024,
622,10039,SHAMEEM,05.01.2024,
623,10039,SHAMEEM,06.01.2024,
624,10039,SHAMEEM,07.01.2024,
625,10039,SHAMEEM,08.01.2024,
626,10039,SHAMEEM,10.01.2024,
627,10039,SHAMEEM,11.01.2024,
628,10039,SHAMEEM,12.01.2024,
629,10039,SHAMEEM,13.01.2024,
630,10039,SHAMEEM,14.01.2024,
631,10039,SHAMEEM,15.01.2024,
632,10039,SHAMEEM,17.01.2024,
633,10039,SHAMEEM,18.01.2024,
634,10039,SHAMEEM,19.01.2024,
635,10039,SHAMEEM,20.01.2024,
636,10039,SHAMEEM,21.01.2024,
637,10039,SHAMEEM,22.01.2024,
638,10039,SHAMEEM,24.01.2024,
639,10039,SHAMEEM,25.01.2024,
640,10039,SHAMEEM,26.01.2024,
641,10039,SHAMEEM,27.01.2024,
642,10039,SHAMEEM,28.01.2024,
643,10039,SHAMEEM,29.01.2024,
644,10039,SHAMEEM,31.01.2024,
645,10040,VIJAYALAKSHMI,03.01.2024,
646,10040,VIJAYALAKSHMI,04.01.2024,
647,10040,VIJAYALAKSHMI,05.01.2024,
648,10040,VIJAYALAKSHMI,06.01.2024,
649,10040,VIJAYALAKSHMI,07.01.2024,
650,10040,VIJAYALAKSHMI,08.01.2024,
651,10040,VIJAYALAKSHMI,10.01.2024,
652,10040,VIJAYALAKSHMI,11.01.2024,
653,10040,VIJAYALAKSHMI,12.01.2024,
654,10040,VIJAYALAKSHMI,13.01.2024,
655,10040,VIJAYALAKSHMI,14.01.2024,
656,10040,VIJAYALAKSHMI,15.01.2024,
657,10040,VIJAYALAKSHMI,17.01.2024,
658,10040,VIJAYALAKSHMI,18.01.2024,
659,10040,VIJAYALAKSHMI,19.01.2024,
660,10040,VIJAYALAKSHMI,20.01.2024,
661,10040,VIJAYALAKSHMI,21.01.2024,
662,10040,VIJAYALAKSHMI,22.01.2024,
663,10040,VIJAYALAKSHMI,24.01.2024,
664,10040,VIJAYALAKSHMI,25.01.2024,
665,10040,VIJAYALAKSHMI,26.01.2024,
666,10040,VIJAYALAKSHMI,27.01.2024,
667,10040,VIJAYALAKSHMI,28.01.2024,
668,10040,VIJAYALAKSHMI,29.01.2024,
669,10040,VIJAYALAKSHMI,31.01.2024,
670,10041,BHAGYA,03.01.2024,
671,10041,BHAGYA,05.01.2024,
672,10041,BHAGYA,06.01.2024,
673,10041,BHAGYA,07.01.2024,
674,10041,BHAGYA,08.01.2024,
675,10041,BHAGYA,09.01.2024,
676,10041,BHAGYA,10.01.2024,
677,10041,BHAGYA,12.01.2024,
678,10041,BHAGYA,13.01.2024,
679,10041,BHAGYA,14.01.2024,
680,10041,BHAGYA,15.01.2024,
681,10041,BHAGYA,16.01.2024,
682,10041,BHAGYA,17.01.2024,
683,10041,BHAGYA,19.01.2024,
684,10041,BHAGYA,20.01.2024,
685,10041,BHAGYA,21.01.2024,
686,10041,BHAGYA,22.01.2024,
687,10041,BHAGYA,23.01.2024,
688,10041,BHAGYA,24.01.2024,
689,10041,BHAGYA,26.01.2024,
690,10041,BHAGYA,27.01.2024,
691,10041,BHAGYA,28.01.2024,
692,10041,BHAGYA,29.01.2024,
693,10041,BHAGYA,30.01.2024,
694,10041,BHAGYA,31.01.2024,
695,10047,VANESH,03.01.2024,
696,10047,VANESH,04.01.2024,
697,10047,VANESH,05.01.2024,
698,10047,VANESH,06.01.2024,
699,10047,VANESH,07.01.2024,
700,10047,VANESH,08.01.2024,
701,10047,VANESH,10.01.2024,
702,10047,VANESH,11.01.2024,
703,10047,VANESH,12.01.2024,
704,10047,VANESH,13.01.2024,
705,10047,VANESH,14.01.2024,
706,10047,VANESH,15.01.2024,
707,10047,VANESH,17.01.2024,
708,10047,VANESH,18.01.2024,
709,10047,VANESH,19.01.2024,
710,10047,VANESH,20.01.2024,
711,10047,VANESH,21.01.2024,
712,10047,VANESH,22.01.2024,
713,10047,VANESH,24.01.2024,
714,10047,VANESH,25.01.2024,
715,10047,VANESH,26.01.2024,
716,10047,VANESH,27.01.2024,
717,10047,VANESH,28.01.2024,
718,10047,VANESH,29.01.2024,
719,10047,VANESH,31.01.2024,
720,10048,HARIV,04.01.2024,
721,10048,HARIV,05.01.2024,
722,10048,HARIV,06.01.2024,
723,10048,HARIV,07.01.2024,
724,10048,HARIV,08.01.2024,
725,10048,HARIV,09.01.2024,
726,10048,HARIV,11.01.2024,
727,10048,HARIV,12.01.2024,
728,10048,HARIV,13.01.2024,
729,10048,HARIV,14.01.2024,
730,10048,HARIV,15.01.2024,
731,10048,HARIV,16.01.2024,
732,10048,HARIV,18.01.2024,
733,10048,HARIV,19.01.2024,
734,10048,HARIV,20.01.2024,
735,10048,HARIV,21.01.2024,
736,10048,HARIV,22.01.2024,
737,10048,HARIV,23.01.2024,
738,10048,HARIV,25.01.2024,
739,10048,HARIV,26.01.2024,
740,10048,HARIV,27.01.2024,
741,10048,HARIV,28.01.2024,
742,10048,HARIV,29.01.2024,
743,10048,HARIV,30.01.2024,
744,10050,KAMLA,03.01.2024,
745,10050,KAMLA,05.01.2024,
746,10050,KAMLA,06.01.2024,
747,10050,KAMLA,07.01.2024,
748,10050,KAMLA,08.01.2024,
749,10050,KAMLA,09.01.2024,
750,10050,KAMLA,10.01.2024,
751,10050,KAMLA,12.01.2024,
752,10050,KAMLA,13.01.2024,
753,10050,KAMLA,14.01.2024,
754,10050,KAMLA,15.01.2024,
755,10050,KAMLA,16.01.2024,
756,10050,KAMLA,17.01.2024,
757,10050,KAMLA,19.01.2024,
758,10050,KAMLA,20.01.2024,
759,10050,KAMLA,21.01.2024,
760,10050,KAMLA,22.01.2024,
761,10050,KAMLA,23.01.2024,
762,10050,KAMLA,24.01.2024,
763,10050,KAMLA,26.01.2024,
764,10050,KAMLA,27.01.2024,
765,10050,KAMLA,28.01.2024,
766,10050,KAMLA,29.01.2024,
767,10050,KAMLA,30.01.2024,
768,10050,KAMLA,31.01.2024,
769,10051,GURU,03.01.2024,
770,10051,GURU,04.01.2024,
771,10051,GURU,05.01.2024,
772,10051,GURU,06.01.2024,
773,10051,GURU,07.01.2024,
774,10051,GURU,08.01.2024,
775,10051,GURU,10.01.2024,
776,10051,GURU,11.01.2024,
777,10051,GURU,12.01.2024,
778,10051,GURU,13.01.2024,
779,10051,GURU,14.01.2024,
780,10051,GURU,15.01.2024,
781,10051,GURU,17.01.2024,
782,10051,GURU,18.01.2024,
783,10051,GURU,19.01.2024,
784,10051,GURU,20.01.2024,
785,10051,GURU,21.01.2024,
786,10051,GURU,22.01.2024,
787,10051,GURU,24.01.2024,
788,10051,GURU,25.01.2024,
789,10051,GURU,26.01.2024,
790,10051,GURU,27.01.2024,
791,10051,GURU,28.01.2024,
792,10051,GURU,29.01.2024,
793,10051,GURU,31.01.2024,
794,10052,DEEPA,03.01.2024,
795,10052,DEEPA,04.01.2024,
796,10052,DEEPA,05.01.2024,
797,10052,DEEPA,06.01.2024,
798,10052,DEEPA,07.01.2024,
799,10052,DEEPA,08.01.2024,
800,10052,DEEPA,10.01.2024,
801,10052,DEEPA,11.01.2024,
802,10052,DEEPA,12.01.2024,
803,10052,DEEPA,13.01.2024,
804,10052,DEEPA,14.01.2024,
805,10052,DEEPA,15.01.2024,
806,10052,DEEPA,17.01.2024,
807,10052,DEEPA,18.01.2024,
808,10052,DEEPA,19.01.2024,
809,10052,DEEPA,20.01.2024,
810,10052,DEEPA,21.01.2024,
811,10052,DEEPA,22.01.2024,
812,10052,DEEPA,24.01.2024,
813,10052,DEEPA,25.01.2024,
814,10052,DEEPA,26.01.2024,
815,10052,DEEPA,27.01.2024,
816,10052,DEEPA,28.01.2024,
817,10052,DEEPA,29.01.2024,
818,10052,DEEPA,31.01.2024,
819,10053,GEETA R,03.01.2024,
820,10053,GEETA R,04.01.2024,
821,10053,GEETA R,05.01.2024,
822,10053,GEETA R,06.01.2024,
823,10053,GEETA R,07.01.2024,
824,10053,GEETA R,08.01.2024,
825,10053,GEETA R,10.01.2024,
826,10053,GEETA R,11.01.2024,
827,10053,GEETA R,12.01.2024,
828,10053,GEETA R,13.01.2024,
829,10053,GEETA R,14.01.2024,
830,10053,GEETA R,15.01.2024,
831,10053,GEETA R,17.01.2024,
832,10053,GEETA R,18.01.2024,
833,10053,GEETA R,19.01.2024,
834,10053,GEETA R,20.01.2024,
835,10053,GEETA R,21.01.2024,
836,10053,GEETA R,22.01.2024,
837,10053,GEETA R,24.01.2024,
838,10053,GEETA R,25.01.2024,
839,10053,GEETA R,26.01.2024,
840,10053,GEETA R,27.01.2024,
841,10053,GEETA R,28.01.2024,
842,10053,GEETA R,29.01.2024,
843,10053,GEETA R,31.01.2024,
844,10055,GEETA,03.01.2024,
845,10055,GEETA,05.01.2024,
846,10055,GEETA,06.01.2024,
847,10055,GEETA,07.01.2024,
848,10055,GEETA,08.01.2024,
849,10055,GEETA,09.01.2024,
850,10055,GEETA,10.01.2024,
851,10055,GEETA,12.01.2024,
852,10055,GEETA,13.01.2024,
853,10055,GEETA,14.01.2024,
854,10055,GEETA,15.01.2024,
855,10055,GEETA,16.01.2024,
856,10055,GEETA,17.01.2024,
857,10055,GEETA,19.01.2024,
858,10055,GEETA,20.01.2024,
859,10055,GEETA,21.01.2024,
860,10055,GEETA,22.01.2024,
861,10055,GEETA,23.01.2024,
862,10055,GEETA,24.01.2024,
863,10055,GEETA,26.01.2024,
864,10055,GEETA,27.01.2024,
865,10055,GEETA,28.01.2024,
866,10055,GEETA,29.01.2024,
867,10055,GEETA,30.01.2024,
868,10055,GEETA,31.01.2024,
869,10056,SUMAN,03.01.2024,
870,10056,SUMAN,04.01.2024,
871,10056,SUMAN,05.01.2024,
872,10056,SUMAN,06.01.2024,
873,10056,SUMAN,07.01.2024,
874,10056,SUMAN,08.01.2024,
875,10056,SUMAN,10.01.2024,
876,10056,SUMAN,11.01.2024,
877,10056,SUMAN,12.01.2024,
878,10056,SUMAN,13.01.2024,
879,10056,SUMAN,14.01.2024,
880,10056,SUMAN,15.01.2024,
881,10056,SUMAN,17.01.2024,
882,10056,SUMAN,18.01.2024,
883,10056,SUMAN,19.01.2024,
884,10056,SUMAN,20.01.2024,
885,10056,SUMAN,21.01.2024,
886,10056,SUMAN,22.01.2024,
887,10056,SUMAN,24.01.2024,
888,10056,SUMAN,25.01.2024,
889,10056,SUMAN,26.01.2024,
890,10056,SUMAN,27.01.2024,
891,10056,SUMAN,28.01.2024,
892,10056,SUMAN,29.01.2024,
893,10056,SUMAN,31.01.2024,
894,10057,KOMAL,04.01.2024,
895,10057,KOMAL,05.01.2024,
896,10057,KOMAL,06.01.2024,
897,10057,KOMAL,07.01.2024,
898,10057,KOMAL,08.01.2024,
899,10057,KOMAL,09.01.2024,
900,10057,KOMAL,11.01.2024,
901,10057,KOMAL,12.01.2024,
902,10057,KOMAL,13.01.2024,
903,10057,KOMAL,14.01.2024,
904,10057,KOMAL,15.01.2024,
905,10057,KOMAL,16.01.2024,
906,10057,KOMAL,18.01.2024,
907,10057,KOMAL,19.01.2024,
908,10057,KOMAL,20.01.2024,
909,10057,KOMAL,21.01.2024,
910,10057,KOMAL,22.01.2024,
911,10057,KOMAL,23.01.2024,
912,10057,KOMAL,25.01.2024,
913,10057,KOMAL,26.01.2024,
914,10057,KOMAL,27.01.2024,
915,10057,KOMAL,28.01.2024,
916,10057,KOMAL,29.01.2024,
917,10057,KOMAL,30.01.2024,
918,10059,ABHILASHA,03.01.2024,
919,10059,ABHILASHA,05.01.2024,
920,10059,ABHILASHA,06.01.2024,
921,10059,ABHILASHA,07.01.2024,
922,10059,ABHILASHA,08.01.2024,
923,10059,ABHILASHA,09.01.2024,
924,10059,ABHILASHA,10.01.2024,
925,10059,ABHILASHA,12.01.2024,
926,10059,ABHILASHA,13.01.2024,
927,10059,ABHILASHA,14.01.2024,
928,10059,ABHILASHA,15.01.2024,
929,10059,ABHILASHA,16.01.2024,
930,10059,ABHILASHA,17.01.2024,
931,10059,ABHILASHA,19.01.2024,
932,10059,ABHILASHA,20.01.2024,
933,10059,ABHILASHA,21.01.2024,
934,10059,ABHILASHA,22.01.2024,
935,10059,ABHILASHA,23.01.2024,
936,10059,ABHILASHA,24.01.2024,
937,10059,ABHILASHA,26.01.2024,
938,10059,ABHILASHA,27.01.2024,
939,10059,ABHILASHA,28.01.2024,
940,10059,ABHILASHA,29.01.2024,
941,10059,ABHILASHA,30.01.2024,
942,10059,ABHILASHA,31.01.2024,
943,10061,KURRA,03.01.2024,
944,10061,KURRA,05.01.2024,
945,10061,KURRA,06.01.2024,
946,10061,KURRA,07.01.2024,
947,10061,KURRA,08.01.2024,
948,10061,KURRA,09.01.2024,
949,10061,KURRA,10.01.2024,
950,10061,KURRA,12.01.2024,
951,10061,KURRA,13.01.2024,
952,10061,KURRA,14.01.2024,
953,10061,KURRA,15.01.2024,
954,10061,KURRA,16.01.2024,
955,10061,KURRA,17.01.2024,
956,10061,KURRA,19.01.2024,
957,10061,KURRA,20.01.2024,
958,10061,KURRA,21.01.2024,
959,10061,KURRA,22.01.2024,
960,10061,KURRA,23.01.2024,
961,10061,KURRA,24.01.2024,
962,10061,KURRA,26.01.2024,
963,10061,KURRA,27.01.2024,
964,10061,KURRA,28.01.2024,
965,10061,KURRA,29.01.2024,
966,10061,KURRA,30.01.2024,
967,10061,KURRA,31.01.2024,
968,10062,ANJALI S,04.01.2024,
969,10062,ANJALI S,05.01.2024,
970,10062,ANJALI S,06.01.2024,
971,10062,ANJALI S,07.01.2024,
972,10062,ANJALI S,08.01.2024,
973,10062,ANJALI S,09.01.2024,
974,10062,ANJALI S,11.01.2024,
975,10062,ANJALI S,12.01.2024,
976,10062,ANJALI S,13.01.2024,
977,10062,ANJALI S,14.01.2024,
978,10062,ANJALI S,15.01.2024,
979,10062,ANJALI S,16.01.2024,
980,10062,ANJALI S,18.01.2024,
981,10062,ANJALI S,19.01.2024,
982,10062,ANJALI S,20.01.2024,
983,10062,ANJALI S,21.01.2024,
984,10062,ANJALI S,22.01.2024,
985,10062,ANJALI S,23.01.2024,
986,10062,ANJALI S,25.01.2024,
987,10062,ANJALI S,26.01.2024,
988,10062,ANJALI S,27.01.2024,
989,10062,ANJALI S,28.01.2024,
990,10062,ANJALI S,29.01.2024,
991,10062,ANJALI S,30.01.2024,
992,10063,SHIVANI,04.01.2024,
993,10063,SHIVANI,05.01.2024,
994,10063,SHIVANI,06.01.2024,
995,10063,SHIVANI,07.01.2024,
996,10063,SHIVANI,08.01.2024,
997,10063,SHIVANI,09.01.2024,
998,10063,SHIVANI,11.01.2024,
999,10063,SHIVANI,12.01.2024,
1000,10063,SHIVANI,13.01.2024,
1001,10063,SHIVANI,14.01.2024,
1002,10063,SHIVANI,15.01.2024,
1003,10063,SHIVANI,16.01.2024,
1004,10063,SHIVANI,18.01.2024,
1005,10063,SHIVANI,19.01.2024,
1006,10063,SHIVANI,20.01.2024,
1007,10063,SHIVANI,21.01.2024,
1008,10063,SHIVANI,22.01.2024,
1009,10063,SHIVANI,23.01.2024,
1010,10063,SHIVANI,25.01.2024,
1011,10063,SHIVANI,26.01.2024,
1012,10063,SHIVANI,27.01.2024,
1013,10063,SHIVANI,28.01.2024,
1014,10063,SHIVANI,29.01.2024,
1015,10063,SHIVANI,30.01.2024,
1016,10068,NIRMALA,03.01.2024,
1017,10068,NIRMALA,04.01.2024,
1018,10068,NIRMALA,05.01.2024,
1019,10068,NIRMALA,06.01.2024,
1020,10068,NIRMALA,07.01.2024,
1021,10068,NIRMALA,08.01.2024,
1022,10068,NIRMALA,10.01.2024,
1023,10068,NIRMALA,11.01.2024,
1024,10068,NIRMALA,12.01.2024,
1025,10068,NIRMALA,13.01.2024,
1026,10068,NIRMALA,14.01.2024,
1027,10068,NIRMALA,15.01.2024,
1028,10068,NIRMALA,17.01.2024,
1029,10068,NIRMALA,18.01.2024,
1030,10068,NIRMALA,19.01.2024,
1031,10068,NIRMALA,20.01.2024,
1032,10068,NIRMALA,21.01.2024,
1033,10068,NIRMALA,22.01.2024,
1034,10068,NIRMALA,24.01.2024,
1035,10068,NIRMALA,25.01.2024,
1036,10068,NIRMALA,26.01.2024,
1037,10068,NIRMALA,27.01.2024,
1038,10068,NIRMALA,28.01.2024,
1039,10068,NIRMALA,29.01.2024,
1040,10068,NIRMALA,31.01.2024,
1041,10069,KAVYA,04.01.2024,
1042,10069,KAVYA,05.01.2024,
1043,10069,KAVYA,06.01.2024,
1044,10069,KAVYA,07.01.2024,
1045,10069,KAVYA,08.01.2024,
1046,10069,KAVYA,09.01.2024,
1047,10069,KAVYA,11.01.2024,
1048,10069,KAVYA,12.01.2024,
1049,10069,KAVYA,13.01.2024,
1050,10069,KAVYA,14.01.2024,
1051,10069,KAVYA,15.01.2024,
1052,10069,KAVYA,16.01.2024,
1053,10069,KAVYA,18.01.2024,
1054,10069,KAVYA,19.01.2024,
1055,10069,KAVYA,20.01.2024,
1056,10069,KAVYA,21.01.2024,
1057,10069,KAVYA,22.01.2024,
1058,10069,KAVYA,23.01.2024,
1059,10069,KAVYA,25.01.2024,
1060,10069,KAVYA,26.01.2024,
1061,10069,KAVYA,27.01.2024,
1062,10069,KAVYA,28.01.2024,
1063,10069,KAVYA,29.01.2024,
1064,10069,KAVYA,30.01.2024,
1065,10070,SAKINA,03.01.2024,
1066,10070,SAKINA,05.01.2024,
1067,10070,SAKINA,06.01.2024,
1068,10070,SAKINA,07.01.2024,
1069,10070,SAKINA,08.01.2024,
1070,10070,SAKINA,09.01.2024,
1071,10070,SAKINA,10.01.2024,
1072,10070,SAKINA,12.01.2024,
1073,10070,SAKINA,13.01.2024,
1074,10070,SAKINA,14.01.2024,
1075,10070,SAKINA,15.01.2024,
1076,10070,SAKINA,16.01.2024,
1077,10070,SAKINA,17.01.2024,
1078,10070,SAKINA,19.01.2024,
1079,10070,SAKINA,20.01.2024,
1080,10070,SAKINA,21.01.2024,
1081,10070,SAKINA,22.01.2024,
1082,10070,SAKINA,23.01.2024,
1083,10070,SAKINA,24.01.2024,
1084,10070,SAKINA,26.01.2024,
1085,10070,SAKINA,27.01.2024,
1086,10070,SAKINA,28.01.2024,
1087,10070,SAKINA,29.01.2024,
1088,10070,SAKINA,30.01.2024,
1089,10070,SAKINA,31.01.2024,
1090,10071,SEEMA,03.01.2024,
1091,10071,SEEMA,05.01.2024,
1092,10071,SEEMA,06.01.2024,
1093,10071,SEEMA,07.01.2024,
1094,10071,SEEMA,08.01.2024,
1095,10071,SEEMA,09.01.2024,
1096,10071,SEEMA,10.01.2024,
1097,10071,SEEMA,12.01.2024,
1098,10071,SEEMA,13.01.2024,
1099,10071,SEEMA,14.01.2024,
1100,10071,SEEMA,15.01.2024,
1101,10071,SEEMA,16.01.2024,
1102,10071,SEEMA,17.01.2024,
1103,10071,SEEMA,19.01.2024,
1104,10071,SEEMA,20.01.2024,
1105,10071,SEEMA,21.01.2024,
1106,10071,SEEMA,22.01.2024,
1107,10071,SEEMA,23.01.2024,
1108,10071,SEEMA,24.01.2024,
1109,10071,SEEMA,26.01.2024,
1110,10071,SEEMA,27.01.2024,
1111,10071,SEEMA,28.01.2024,
1112,10071,SEEMA,29.01.2024,
1113,10071,SEEMA,30.01.2024,
1114,10071,SEEMA,31.01.2024,
1115,10072,AFRIN,03.01.2024,
1116,10072,AFRIN,04.01.2024,
1117,10072,AFRIN,05.01.2024,
1118,10072,AFRIN,06.01.2024,
1119,10072,AFRIN,07.01.2024,
1120,10072,AFRIN,08.01.2024,
1121,10072,AFRIN,10.01.2024,
1122,10072,AFRIN,11.01.2024,
1123,10072,AFRIN,12.01.2024,
1124,10072,AFRIN,13.01.2024,
1125,10072,AFRIN,14.01.2024,
1126,10072,AFRIN,15.01.2024,
1127,10072,AFRIN,17.01.2024,
1128,10072,AFRIN,18.01.2024,
1129,10072,AFRIN,19.01.2024,
1130,10072,AFRIN,20.01.2024,
1131,10072,AFRIN,21.01.2024,
1132,10072,AFRIN,22.01.2024,
1133,10072,AFRIN,24.01.2024,
1134,10072,AFRIN,25.01.2024,
1135,10072,AFRIN,26.01.2024,
1136,10072,AFRIN,27.01.2024,
1137,10072,AFRIN,28.01.2024,
1138,10072,AFRIN,29.01.2024,
1139,10072,AFRIN,31.01.2024,
1140,10074,HIMANGI,03.01.2024,
1141,10074,HIMANGI,05.01.2024,
1142,10074,HIMANGI,06.01.2024,
1143,10074,HIMANGI,07.01.2024,
1144,10074,HIMANGI,08.01.2024,
1145,10074,HIMANGI,09.01.2024,
1146,10074,HIMANGI,10.01.2024,
1147,10074,HIMANGI,12.01.2024,
1148,10074,HIMANGI,13.01.2024,
1149,10074,HIMANGI,14.01.2024,
1150,10074,HIMANGI,15.01.2024,
1151,10074,HIMANGI,16.01.2024,
1152,10074,HIMANGI,17.01.2024,
1153,10074,HIMANGI,19.01.2024,
1154,10074,HIMANGI,20.01.2024,
1155,10074,HIMANGI,21.01.2024,
1156,10074,HIMANGI,22.01.2024,
1157,10074,HIMANGI,23.01.2024,
1158,10074,HIMANGI,24.01.2024,
1159,10074,HIMANGI,26.01.2024,
1160,10074,HIMANGI,27.01.2024,
1161,10074,HIMANGI,28.01.2024,
1162,10074,HIMANGI,29.01.2024,
1163,10074,HIMANGI,30.01.2024,
1164,10074,HIMANGI,31.01.2024,
1165,10075,POOJA P,03.01.2024,
1166,10075,POOJA P,04.01.2024,
1167,10075,POOJA P,05.01.2024,
1168,10075,POOJA P,06.01.2024,
1169,10075,POOJA P,07.01.2024,
1170,10075,POOJA P,08.01.2024,
1171,10075,POOJA P,10.01.2024,
1172,10075,POOJA P,11.01.2024,
1173,10075,POOJA P,12.01.2024,
1174,10075,POOJA P,13.01.2024,
1175,10075,POOJA P,14.01.2024,
1176,10075,POOJA P,15.01.2024,
1177,10075,POOJA P,17.01.2024,
1178,10075,POOJA P,18.01.2024,
1179,10075,POOJA P,19.01.2024,
1180,10075,POOJA P,20.01.2024,
1181,10075,POOJA P,21.01.2024,
1182,10075,POOJA P,22.01.2024,
1183,10075,POOJA P,24.01.2024,
1184,10075,POOJA P,25.01.2024,
1185,10075,POOJA P,26.01.2024,
1186,10075,POOJA P,27.01.2024,
1187,10075,POOJA P,28.01.2024,
1188,10075,POOJA P,29.01.2024,
1189,10075,POOJA P,31.01.2024,
1190,10076,SHARDHA K,03.01.2024,
1191,10076,SHARDHA K,04.01.2024,
1192,10076,SHARDHA K,05.01.2024,
1193,10076,SHARDHA K,06.01.2024,
1194,10076,SHARDHA K,07.01.2024,
1195,10076,SHARDHA K,08.01.2024,
1196,10076,SHARDHA K,10.01.2024,
1197,10076,SHARDHA K,11.01.2024,
1198,10076,SHARDHA K,12.01.2024,
1199,10076,SHARDHA K,13.01.2024,
1200,10076,SHARDHA K,14.01.2024,
1201,10076,SHARDHA K,15.01.2024,
1202,10076,SHARDHA K,17.01.2024,
1203,10076,SHARDHA K,18.01.2024,
1204,10076,SHARDHA K,19.01.2024,
1205,10076,SHARDHA K,20.01.2024,
1206,10076,SHARDHA K,21.01.2024,
1207,10076,SHARDHA K,22.01.2024,
1208,10076,SHARDHA K,24.01.2024,
1209,10076,SHARDHA K,25.01.2024,
1210,10076,SHARDHA K,26.01.2024,
1211,10076,SHARDHA K,27.01.2024,
1212,10076,SHARDHA K,28.01.2024,
1213,10076,SHARDHA K,29.01.2024,
1214,10076,SHARDHA K,31.01.2024,
1215,10078,RUPA,03.01.2024,
1216,10078,RUPA,05.01.2024,
1217,10078,RUPA,06.01.2024,
1218,10078,RUPA,07.01.2024,
1219,10078,RUPA,08.01.2024,
1220,10078,RUPA,09.01.2024,
1221,10078,RUPA,10.01.2024,
1222,10078,RUPA,12.01.2024,
1223,10078,RUPA,13.01.2024,
1224,10078,RUPA,14.01.2024,
1225,10078,RUPA,15.01.2024,
1226,10078,RUPA,16.01.2024,
1227,10078,RUPA,17.01.2024,
1228,10078,RUPA,19.01.2024,
1229,10078,RUPA,20.01.2024,
1230,10078,RUPA,21.01.2024,
1231,10078,RUPA,22.01.2024,
1232,10078,RUPA,23.01.2024,
1233,10078,RUPA,24.01.2024,
1234,10078,RUPA,26.01.2024,
1235,10078,RUPA,27.01.2024,
1236,10078,RUPA,28.01.2024,
1237,10078,RUPA,29.01.2024,
1238,10078,RUPA,30.01.2024,
1239,10078,RUPA,31.01.2024,
1240,10079,LUBNA,03.01.2024,
1241,10079,LUBNA,04.01.2024,
1242,10079,LUBNA,05.01.2024,
1243,10079,LUBNA,06.01.2024,
1244,10079,LUBNA,07.01.2024,
1245,10079,LUBNA,08.01.2024,
1246,10079,LUBNA,10.01.2024,
1247,10079,LUBNA,11.01.2024,
1248,10079,LUBNA,12.01.2024,
1249,10079,LUBNA,13.01.2024,
1250,10079,LUBNA,14.01.2024,
1251,10079,LUBNA,15.01.2024,
1252,10079,LUBNA,17.01.2024,
1253,10079,LUBNA,18.01.2024,
1254,10079,LUBNA,19.01.2024,
1255,10079,LUBNA,20.01.2024,
1256,10079,LUBNA,21.01.2024,
1257,10079,LUBNA,22.01.2024,
1258,10079,LUBNA,24.01.2024,
1259,10079,LUBNA,25.01.2024,
1260,10079,LUBNA,26.01.2024,
1261,10079,LUBNA,27.01.2024,
1262,10079,LUBNA,28.01.2024,
1263,10079,LUBNA,29.01.2024,
1264,10079,LUBNA,31.01.2024,
1265,10081,JYOTI R,03.01.2024,
1266,10081,JYOTI R,05.01.2024,
1267,10081,JYOTI R,06.01.2024,
1268,10081,JYOTI R,07.01.2024,
1269,10081,JYOTI R,08.01.2024,
1270,10081,JYOTI R,09.01.2024,
1271,10081,JYOTI R,10.01.2024,
1272,10081,JYOTI R,12.01.2024,
1273,10081,JYOTI R,13.01.2024,
1274,10081,JYOTI R,14.01.2024,
1275,10081,JYOTI R,15.01.2024,
1276,10081,JYOTI R,16.01.2024,
1277,10081,JYOTI R,17.01.2024,
1278,10081,JYOTI R,19.01.2024,
1279,10081,JYOTI R,20.01.2024,
1280,10081,JYOTI R,21.01.2024,
1281,10081,JYOTI R,22.01.2024,
1282,10081,JYOTI R,23.01.2024,
1283,10081,JYOTI R,24.01.2024,
1284,10081,JYOTI R,26.01.2024,
1285,10081,JYOTI R,27.01.2024,
1286,10081,JYOTI R,28.01.2024,
1287,10081,JYOTI R,29.01.2024,
1288,10081,JYOTI R,30.01.2024,
1289,10081,JYOTI R,31.01.2024,
1290,10082,SHEHNAZ,03.01.2024,
1291,10082,SHEHNAZ,04.01.2024,
1292,10082,SHEHNAZ,05.01.2024,
1293,10082,SHEHNAZ,06.01.2024,
1294,10082,SHEHNAZ,07.01.2024,
1295,10082,SHEHNAZ,08.01.2024,
1296,10082,SHEHNAZ,10.01.2024,
1297,10082,SHEHNAZ,11.01.2024,
1298,10082,SHEHNAZ,12.01.2024,
1299,10082,SHEHNAZ,13.01.2024,
1300,10082,SHEHNAZ,14.01.2024,
1301,10082,SHEHNAZ,15.01.2024,
1302,10082,SHEHNAZ,17.01.2024,
1303,10082,SHEHNAZ,18.01.2024,
1304,10082,SHEHNAZ,19.01.2024,
1305,10082,SHEHNAZ,20.01.2024,
1306,10082,SHEHNAZ,21.01.2024,
1307,10082,SHEHNAZ,22.01.2024,
1308,10082,SHEHNAZ,24.01.2024,
1309,10082,SHEHNAZ,25.01.2024,
1310,10082,SHEHNAZ,26.01.2024,
1311,10082,SHEHNAZ,27.01.2024,
1312,10082,SHEHNAZ,28.01.2024,
1313,10082,SHEHNAZ,29.01.2024,
1314,10082,SHEHNAZ,31.01.2024,
1315,10092,SABIYA,03.01.2024,
1316,10092,SABIYA,05.01.2024,
1317,10092,SABIYA,06.01.2024,
1318,10092,SABIYA,07.01.2024,
1319,10092,SABIYA,08.01.2024,
1320,10092,SABIYA,09.01.2024,
1321,10092,SABIYA,10.01.2024,
1322,10092,SABIYA,12.01.2024,
1323,10092,SABIYA,13.01.2024,
1324,10092,SABIYA,14.01.2024,
1325,10092,SABIYA,15.01.2024,
1326,10092,SABIYA,16.01.2024,
1327,10092,SABIYA,17.01.2024,
1328,10092,SABIYA,19.01.2024,
1329,10092,SABIYA,20.01.2024,
1330,10092,SABIYA,21.01.2024,
1331,10092,SABIYA,22.01.2024,
1332,10092,SABIYA,23.01.2024,
1333,10092,SABIYA,24.01.2024,
1334,10092,SABIYA,26.01.2024,
1335,10092,SABIYA,27.01.2024,
1336,10092,SABIYA,28.01.2024,
1337,10092,SABIYA,29.01.2024,
1338,10092,SABIYA,30.01.2024,
1339,10092,SABIYA,31.01.2024,
1340,10094,MEENU,03.01.2024,
1341,10094,MEENU,04.01.2024,
1342,10094,MEENU,05.01.2024,
1343,10094,MEENU,06.01.2024,
1344,10094,MEENU,07.01.2024,
1345,10094,MEENU,08.01.2024,
1346,10094,MEENU,10.01.2024,
1347,10094,MEENU,11.01.2024,
1348,10094,MEENU,12.01.2024,
1349,10094,MEENU,13.01.2024,
1350,10094,MEENU,14.01.2024,
1351,10094,MEENU,15.01.2024,
1352,10094,MEENU,17.01.2024,
1353,10094,MEENU,18.01.2024,
1354,10094,MEENU,19.01.2024,
1355,10094,MEENU,20.01.2024,
1356,10094,MEENU,21.01.2024,
1357,10094,MEENU,22.01.2024,
1358,10094,MEENU,24.01.2024,
1359,10094,MEENU,25.01.2024,
1360,10094,MEENU,26.01.2024,
1361,10094,MEENU,27.01.2024,
1362,10094,MEENU,28.01.2024,
1363,10094,MEENU,29.01.2024,
1364,10094,MEENU,31.01.2024,
1365,10095,NITIKA,03.01.2024,
1366,10095,NITIKA,05.01.2024,
1367,10095,NITIKA,06.01.2024,
1368,10095,NITIKA,07.01.2024,
1369,10095,NITIKA,08.01.2024,
1370,10095,NITIKA,09.01.2024,
1371,10095,NITIKA,10.01.2024,
1372,10095,NITIKA,12.01.2024,
1373,10095,NITIKA,13.01.2024,
1374,10095,NITIKA,14.01.2024,
1375,10095,NITIKA,15.01.2024,
1376,10095,NITIKA,16.01.2024,
1377,10095,NITIKA,17.01.2024,
1378,10095,NITIKA,19.01.2024,
1379,10095,NITIKA,20.01.2024,
1380,10095,NITIKA,21.01.2024,
1381,10095,NITIKA,22.01.2024,
1382,10095,NITIKA,23.01.2024,
1383,10095,NITIKA,24.01.2024,
1384,10095,NITIKA,26.01.2024,
1385,10095,NITIKA,27.01.2024,
1386,10095,NITIKA,28.01.2024,
1387,10095,NITIKA,29.01.2024,
1388,10095,NITIKA,30.01.2024,
1389,10095,NITIKA,31.01.2024,
1390,10096,KARISHMA,03.01.2024,
1391,10096,KARISHMA,04.01.2024,
1392,10096,KARISHMA,05.01.2024,
1393,10096,KARISHMA,06.01.2024,
1394,10096,KARISHMA,07.01.2024,
1395,10096,KARISHMA,08.01.2024,
1396,10096,KARISHMA,10.01.2024,
1397,10096,KARISHMA,11.01.2024,
1398,10096,KARISHMA,12.01.2024,
1399,10096,KARISHMA,13.01.2024,
1400,10096,KARISHMA,14.01.2024,
1401,10096,KARISHMA,15.01.2024,
1402,10096,KARISHMA,17.01.2024,
1403,10096,KARISHMA,18.01.2024,
1404,10096,KARISHMA,19.01.2024,
1405,10096,KARISHMA,20.01.2024,
1406,10096,KARISHMA,21.01.2024,
1407,10096,KARISHMA,22.01.2024,
1408,10096,KARISHMA,24.01.2024,
1409,10096,KARISHMA,25.01.2024,
1410,10096,KARISHMA,26.01.2024,
1411,10096,KARISHMA,27.01.2024,
1412,10096,KARISHMA,28.01.2024,
1413,10096,KARISHMA,29.01.2024,
1414,10096,KARISHMA,31.01.2024,
1415,10097,REHNUMA,03.01.2024,
1416,10097,REHNUMA,04.01.2024,
1417,10097,REHNUMA,05.01.2024,
1418,10097,REHNUMA,06.01.2024,
1419,10097,REHNUMA,07.01.2024,
1420,10097,REHNUMA,08.01.2024,
1421,10097,REHNUMA,10.01.2024,
1422,10097,REHNUMA,11.01.2024,
1423,10097,REHNUMA,12.01.2024,
1424,10097,REHNUMA,13.01.2024,
1425,10097,REHNUMA,14.01.2024,
1426,10097,REHNUMA,15.01.2024,
1427,10097,REHNUMA,17.01.2024,
1428,10097,REHNUMA,18.01.2024,
1429,10097,REHNUMA,19.01.2024,
1430,10097,REHNUMA,20.01.2024,
1431,10097,REHNUMA,21.01.2024,
1432,10097,REHNUMA,22.01.2024,
1433,10097,REHNUMA,24.01.2024,
1434,10097,REHNUMA,25.01.2024,
1435,10097,REHNUMA,26.01.2024,
1436,10097,REHNUMA,27.01.2024,
1437,10097,REHNUMA,28.01.2024,
1438,10097,REHNUMA,29.01.2024,
1439,10097,REHNUMA,31.01.2024,
1440,10099,SHREYA,03.01.2024,
1441,10099,SHREYA,04.01.2024,
1442,10099,SHREYA,05.01.2024,
1443,10099,SHREYA,06.01.2024,
1444,10099,SHREYA,07.01.2024,
1445,10099,SHREYA,08.01.2024,
1446,10099,SHREYA,10.01.2024,
1447,10099,SHREYA,11.01.2024,
1448,10099,SHREYA,12.01.2024,
1449,10099,SHREYA,13.01.2024,
1450,10099,SHREYA,14.01.2024,
1451,10099,SHREYA,15.01.2024,
1452,10099,SHREYA,17.01.2024,
1453,10099,SHREYA,18.01.2024,
1454,10099,SHREYA,19.01.2024,
1455,10099,SHREYA,20.01.2024,
1456,10099,SHREYA,21.01.2024,
1457,10099,SHREYA,22.01.2024,
1458,10099,SHREYA,24.01.2024,
1459,10099,SHREYA,25.01.2024,
1460,10099,SHREYA,26.01.2024,
1461,10099,SHREYA,27.01.2024,
1462,10099,SHREYA,28.01.2024,
1463,10099,SHREYA,29.01.2024,
1464,10099,SHREYA,31.01.2024,
1465,10100,RAJNI,03.01.2024,
1466,10100,RAJNI,04.01.2024,
1467,10100,RAJNI,05.01.2024,
1468,10100,RAJNI,06.01.2024,
1469,10100,RAJNI,07.01.2024,
1470,10100,RAJNI,08.01.2024,
1471,10100,RAJNI,10.01.2024,
1472,10100,RAJNI,11.01.2024,
1473,10100,RAJNI,12.01.2024,
1474,10100,RAJNI,13.01.2024,
1475,10100,RAJNI,14.01.2024,
1476,10100,RAJNI,15.01.2024,
1477,10100,RAJNI,17.01.2024,
1478,10100,RAJNI,18.01.2024,
1479,10100,RAJNI,19.01.2024,
1480,10100,RAJNI,20.01.2024,
1481,10100,RAJNI,21.01.2024,
1482,10100,RAJNI,22.01.2024,
1483,10100,RAJNI,24.01.2024,
1484,10100,RAJNI,25.01.2024,
1485,10100,RAJNI,26.01.2024,
1486,10100,RAJNI,27.01.2024,
1487,10100,RAJNI,28.01.2024,
1488,10100,RAJNI,29.01.2024,
1489,10100,RAJNI,31.01.2024,
1490,10022,DHARMENDER,04.01.2024,
1491,10022,DHARMENDER,08.01.2024,
1492,10022,DHARMENDER,11.01.2024,
1493,10022,DHARMENDER,18.01.2024,
1494,10022,DHARMENDER,22.01.2024,
1495,10022,DHARMENDER,25.01.2024,
1496,10019,DHARMENDER,06.01.2024,
1497,10019,DHARMENDER,13.01.2024,
1498,10019,DHARMENDER,17.01.2024,
1499,10019,DHARMENDER,21.01.2024,
1500,10019,DHARMENDER,27.01.2024,
1501,10019,DHARMENDER,31.01.2024,
1502,10025,DHARMENDER,06.01.2024,
1503,10025,DHARMENDER,13.01.2024,
1504,10025,DHARMENDER,17.01.2024,
1505,10025,DHARMENDER,21.01.2024,
1506,10025,DHARMENDER,27.01.2024,
1507,10025,DHARMENDER,31.01.2024,
1508,10014,DHARMENDER,05.01.2024,
1509,10014,DHARMENDER,10.01.2024,
1510,10014,DHARMENDER,14.01.2024,
1511,10014,DHARMENDER,20.01.2024,
1512,10014,DHARMENDER,26.01.2024,
1513,10014,DHARMENDER,29.01.2024,
1514,10006,DHARMENDER,04.01.2024,
1515,10006,DHARMENDER,08.01.2024,
1516,10006,DHARMENDER,11.01.2024,
1517,10006,DHARMENDER,18.01.2024,
1518,10006,DHARMENDER,22.01.2024,
1519,10006,DHARMENDER,25.01.2024,
1520,10015,DHARMENDER,07.01.2024,
1521,10015,DHARMENDER,12.01.2024,
1522,10015,DHARMENDER,15.01.2024,
1523,10015,DHARMENDER,19.01.2024,
1524,10015,DHARMENDER,24.01.2024,
1525,10015,DHARMENDER,28.01.2024,
1526,10005,DHARMENDER,07.01.2024,
1527,10005,DHARMENDER,12.01.2024,
1528,10005,DHARMENDER,15.01.2024,
1529,10005,DHARMENDER,19.01.2024,
1530,10005,DHARMENDER,24.01.2024,
1531,10005,DHARMENDER,28.01.2024,
1532,10027,DHARMENDER,05.01.2024,
1533,10027,DHARMENDER,10.01.2024,
1534,10027,DHARMENDER,14.01.2024,
1535,10027,DHARMENDER,20.01.2024,
1536,10027,DHARMENDER,26.01.2024,
1537,10027,DHARMENDER,29.01.2024,
1538,10029,DHARMENDER,04.01.2024,
1539,10029,DHARMENDER,08.01.2024,
1540,10029,DHARMENDER,11.01.2024,
1541,10029,DHARMENDER,18.01.2024,
1542,10029,DHARMENDER,22.01.2024,
1543,10029,DHARMENDER,25.01.2024,
1544,10050,DHARMENDER,04.01.2024,
1545,10050,DHARMENDER,08.01.2024,
1546,10050,DHARMENDER,11.01.2024,
1547,10050,DHARMENDER,18.01.2024,
1548,10050,DHARMENDER,22.01.2024,
1549,10050,DHARMENDER,25.01.2024,
1550,10051,DHARMENDER,07.01.2024,
1551,10051,DHARMENDER,12.01.2024,
1552,10051,DHARMENDER,15.01.2024,
1553,10051,DHARMENDER,19.01.2024,
1554,10051,DHARMENDER,24.01.2024,
1555,10051,DHARMENDER,28.01.2024,
1556,10052,DHARMENDER,07.01.2024,
1557,10052,DHARMENDER,12.01.2024,
1558,10052,DHARMENDER,15.01.2024,
1559,10052,DHARMENDER,19.01.2024,
1560,10052,DHARMENDER,24.01.2024,
1561,10052,DHARMENDER,28.01.2024,
1562,10053,DHARMENDER,06.01.2024,
1563,10053,DHARMENDER,13.01.2024,
1564,10053,DHARMENDER,17.01.2024,
1565,10053,DHARMENDER,21.01.2024,
1566,10053,DHARMENDER,27.01.2024,
1567,10053,DHARMENDER,31.01.2024,
1568,10095,DHARMENDER,04.01.2024,
1569,10095,DHARMENDER,08.01.2024,
1570,10095,DHARMENDER,11.01.2024,
1571,10095,DHARMENDER,18.01.2024,
1572,10095,DHARMENDER,22.01.2024,
1573,10095,DHARMENDER,25.01.2024,
1574,10097,DHARMENDER,05.01.2024,
1575,10097,DHARMENDER,10.01.2024,
1576,10097,DHARMENDER,14.01.2024,
1577,10097,DHARMENDER,20.01.2024,
1578,10097,DHARMENDER,26.01.2024,
1579,10097,DHARMENDER,29.01.2024,
1580,10098,DHARMENDER,05.01.2024,
1581,10098,DHARMENDER,10.01.2024,
1582,10098,DHARMENDER,14.01.2024,
1583,10098,DHARMENDER,20.01.2024,
1584,10098,DHARMENDER,26.01.2024,
1585,10098,DHARMENDER,29.01.2024,
1586,10036,SARITA K,03.01.2024,
1587,10036,SARITA K,06.01.2024,
1588,10036,SARITA K,07.01.2024,
1589,10036,SARITA K,10.01.2024,
1590,10036,SARITA K,13.01.2024,
1591,10036,SARITA K,14.01.2024,
1592,10036,SARITA K,17.01.2024,
1593,10036,SARITA K,20.01.2024,
1594,10036,SARITA K,21.01.2024,
1595,10036,SARITA K,24.01.2024,
1596,10036,SARITA K,27.01.2024,
1597,10036,SARITA K,28.01.2024,
1598,10036,SARITA K,31.01.2024,
1599,10056,SARITA K,03.01.2024,
1600,10056,SARITA K,06.01.2024,
1601,10056,SARITA K,07.01.2024,
1602,10056,SARITA K,10.01.2024,
1603,10056,SARITA K,13.01.2024,
1604,10056,SARITA K,14.01.2024,
1605,10056,SARITA K,17.01.2024,
1606,10056,SARITA K,20.01.2024,
1607,10056,SARITA K,21.01.2024,
1608,10056,SARITA K,24.01.2024,
1609,10056,SARITA K,27.01.2024,
1610,10056,SARITA K,28.01.2024,
1611,10056,SARITA K,31.01.2024,
1612,10057,SARITA K,04.01.2024,
1613,10057,SARITA K,05.01.2024,
1614,10057,SARITA K,08.01.2024,
1615,10057,SARITA K,11.01.2024,
1616,10057,SARITA K,12.01.2024,
1617,10057,SARITA K,15.01.2024,
1618,10057,SARITA K,18.01.2024,
1619,10057,SARITA K,19.01.2024,
1620,10057,SARITA K,22.01.2024,
1621,10057,SARITA K,25.01.2024,
1622,10057,SARITA K,26.01.2024,
1623,10057,SARITA K,29.01.2024,
1624,10058,SARITA K,03.01.2024,
1625,10058,SARITA K,05.01.2024,
1626,10058,SARITA K,07.01.2024,
1627,10058,SARITA K,10.01.2024,
1628,10058,SARITA K,12.01.2024,
1629,10058,SARITA K,14.01.2024,
1630,10058,SARITA K,17.01.2024,
1631,10058,SARITA K,19.01.2024,
1632,10058,SARITA K,21.01.2024,
1633,10058,SARITA K,24.01.2024,
1634,10058,SARITA K,26.01.2024,
1635,10058,SARITA K,28.01.2024,
1636,10058,SARITA K,31.01.2024,
1637,10059,SARITA K,04.01.2024,
1638,10059,SARITA K,05.01.2024,
1639,10059,SARITA K,08.01.2024,
1640,10059,SARITA K,11.01.2024,
1641,10059,SARITA K,12.01.2024,
1642,10059,SARITA K,15.01.2024,
1643,10059,SARITA K,18.01.2024,
1644,10059,SARITA K,19.01.2024,
1645,10059,SARITA K,22.01.2024,
1646,10059,SARITA K,25.01.2024,
1647,10059,SARITA K,26.01.2024,
1648,10059,SARITA K,29.01.2024,
1649,10063,SARITA K,04.01.2024,
1650,10063,SARITA K,05.01.2024,
1651,10063,SARITA K,06.01.2024,
1652,10063,SARITA K,08.01.2024,
1653,10063,SARITA K,11.01.2024,
1654,10063,SARITA K,12.01.2024,
1655,10063,SARITA K,13.01.2024,
1656,10063,SARITA K,15.01.2024,
1657,10063,SARITA K,18.01.2024,
1658,10063,SARITA K,19.01.2024,
1659,10063,SARITA K,20.01.2024,
1660,10063,SARITA K,22.01.2024,
1661,10063,SARITA K,25.01.2024,
1662,10063,SARITA K,26.01.2024,
1663,10063,SARITA K,27.01.2024,
1664,10063,SARITA K,29.01.2024,
1665,10026,SARITA K,03.01.2024,
1666,10026,SARITA K,06.01.2024,
1667,10026,SARITA K,07.01.2024,
1668,10026,SARITA K,10.01.2024,
1669,10026,SARITA K,13.01.2024,
1670,10026,SARITA K,14.01.2024,
1671,10026,SARITA K,17.01.2024,
1672,10026,SARITA K,20.01.2024,
1673,10026,SARITA K,21.01.2024,
1674,10026,SARITA K,24.01.2024,
1675,10026,SARITA K,27.01.2024,
1676,10026,SARITA K,28.01.2024,
1677,10026,SARITA K,31.01.2024,
1678,10009,BHAWNA,03.01.2024,
1679,10009,BHAWNA,10.01.2024,
1680,10009,BHAWNA,17.01.2024,
1681,10009,BHAWNA,24.01.2024,
1682,10009,BHAWNA,31.01.2024,
1683,10007,BHAWNA,05.01.2024,
1684,10007,BHAWNA,12.01.2024,
1685,10007,BHAWNA,19.01.2024,
1686,10007,BHAWNA,26.01.2024,
1687,10008,BHAWNA,06.01.2024,
1688,10008,BHAWNA,13.01.2024,
1689,10008,BHAWNA,20.01.2024,
1690,10008,BHAWNA,27.01.2024,
1691,10018,BHAWNA,03.01.2024,
1692,10018,BHAWNA,08.01.2024,
1693,10018,BHAWNA,10.01.2024,
1694,10018,BHAWNA,15.01.2024,
1695,10018,BHAWNA,17.01.2024,
1696,10018,BHAWNA,22.01.2024,
1697,10018,BHAWNA,24.01.2024,
1698,10018,BHAWNA,29.01.2024,
1699,10018,BHAWNA,31.01.2024,
1700,10010,BHAWNA,06.01.2024,
1701,10010,BHAWNA,13.01.2024,
1702,10010,BHAWNA,20.01.2024,
1703,10010,BHAWNA,27.01.2024,
1704,10020,BHAWNA,03.01.2024,
1705,10020,BHAWNA,10.01.2024,
1706,10020,BHAWNA,17.01.2024,
1707,10020,BHAWNA,24.01.2024,
1708,10020,BHAWNA,31.01.2024,
1709,10024,BHAWNA,03.01.2024,
1710,10024,BHAWNA,10.01.2024,
1711,10024,BHAWNA,17.01.2024,
1712,10024,BHAWNA,24.01.2024,
1713,10024,BHAWNA,31.01.2024,
1714,10021,BHAWNA,06.01.2024,
1715,10021,BHAWNA,13.01.2024,
1716,10021,BHAWNA,20.01.2024,
1717,10021,BHAWNA,27.01.2024,
1718,10004,BHAWNA,06.01.2024,
1719,10004,BHAWNA,13.01.2024,
1720,10004,BHAWNA,20.01.2024,
1721,10004,BHAWNA,27.01.2024,
1722,10013,BHAWNA,04.01.2024,
1723,10013,BHAWNA,11.01.2024,
1724,10013,BHAWNA,18.01.2024,
1725,10013,BHAWNA,25.01.2024,
1726,10012,BHAWNA,04.01.2024,
1727,10012,BHAWNA,11.01.2024,
1728,10012,BHAWNA,18.01.2024,
1729,10012,BHAWNA,25.01.2024,
1730,10023,BHAWNA,08.01.2024,
1731,10023,BHAWNA,15.01.2024,
1732,10023,BHAWNA,22.01.2024,
1733,10023,BHAWNA,29.01.2024,
1734,10030,BHAWNA,07.01.2024,
1735,10030,BHAWNA,14.01.2024,
1736,10030,BHAWNA,21.01.2024,
1737,10030,BHAWNA,28.01.2024,
1738,10031,BHAWNA,08.01.2024,
1739,10031,BHAWNA,15.01.2024,
1740,10031,BHAWNA,22.01.2024,
1741,10031,BHAWNA,29.01.2024,
1742,10055,BHAWNA,04.01.2024,
1743,10055,BHAWNA,11.01.2024,
1744,10055,BHAWNA,18.01.2024,
1745,10055,BHAWNA,25.01.2024,
1746,10092,BHAWNA,05.01.2024,
1747,10092,BHAWNA,12.01.2024,
1748,10092,BHAWNA,19.01.2024,
1749,10092,BHAWNA,26.01.2024,
1750,10094,BHAWNA,05.01.2024,
1751,10094,BHAWNA,12.01.2024,
1752,10094,BHAWNA,19.01.2024,
1753,10094,BHAWNA,26.01.2024,
1754,10096,BHAWNA,08.01.2024,
1755,10096,BHAWNA,15.01.2024,
1756,10096,BHAWNA,22.01.2024,
1757,10096,BHAWNA,29.01.2024,
1758,10099,BHAWNA,04.01.2024,
1759,10099,BHAWNA,11.01.2024,
1760,10099,BHAWNA,18.01.2024,
1761,10099,BHAWNA,25.01.2024,
1762,10100,BHAWNA,07.01.2024,
1763,10100,BHAWNA,14.01.2024,
1764,10100,BHAWNA,21.01.2024,
1765,10100,BHAWNA,28.01.2024,
1766,10103,BHAWNA,05.01.2024,
1767,10103,BHAWNA,12.01.2024,
1768,10103,BHAWNA,19.01.2024,
1769,10103,BHAWNA,26.01.2024,
1770,10104,BHAWNA,07.01.2024,
1771,10104,BHAWNA,14.01.2024,
1772,10104,BHAWNA,21.01.2024,
1773,10104,BHAWNA,28.01.2024,
1774,10102,BHAWNA,07.01.2024,
1775,10102,BHAWNA,14.01.2024,
1776,10102,BHAWNA,21.01.2024,
1777,10102,BHAWNA,28.01.2024,
1778,10039,SANGEETHA,03.01.2024,
1779,10039,SANGEETHA,05.01.2024,
1780,10039,SANGEETHA,07.01.2024,
1781,10039,SANGEETHA,10.01.2024,
1782,10039,SANGEETHA,12.01.2024,
1783,10039,SANGEETHA,14.01.2024,
1784,10039,SANGEETHA,17.01.2024,
1785,10039,SANGEETHA,19.01.2024,
1786,10039,SANGEETHA,21.01.2024,
1787,10039,SANGEETHA,24.01.2024,
1788,10039,SANGEETHA,26.01.2024,


